Направление      прохода	Время	Дата	Проходная	
Вход	10:04	01.07.2025		
Выход	12:05	01.07.2025		
Вход	13:15	01.07.2025		
Выход	14:02	01.07.2025		
Вход	14:07	01.07.2025		
Выход	18:56	01.07.2025		
Вход	20:46	01.07.2025		
Выход	21:08	01.07.2025		
Вход	9:13	02.07.2025		
Выход	9:48	02.07.2025		
Вход	9:50	02.07.2025		
Выход	12:06	02.07.2025		
Вход	13:29	02.07.2025		
Выход	19:04	02.07.2025		
Вход	8:48	03.07.2025		
Выход	12:11	03.07.2025		
Вход	13:34	03.07.2025		
Выход	18:57	03.07.2025		
Вход	20:21	03.07.2025		
Выход	20:33	03.07.2025		
Вход	8:59	04.07.2025		
Выход	12:33	04.07.2025		
Вход	13:51	04.07.2025		
Выход	18:46	04.07.2025		
Вход	9:16	07.07.2025		
Выход	11:49	07.07.2025		
Вход	13:18	07.07.2025		
Выход	18:16	07.07.2025		
Вход	7:48	08.07.2025		
Выход	12:20	08.07.2025		
Вход	13:30	08.07.2025		
Выход	18:43	08.07.2025		
Вход	20:39	08.07.2025		
Выход	20:47	08.07.2025		
Вход	9:16	09.07.2025		
Выход	12:09	09.07.2025		
Вход	14:05	09.07.2025		
Выход	18:46	09.07.2025		
Вход	9:29	10.07.2025		
Выход	12:24	10.07.2025		
Вход	13:41	10.07.2025		
Выход	14:37	10.07.2025		
Вход	14:59	10.07.2025		
Выход	18:15	10.07.2025		
Вход	9:15	11.07.2025		
Выход	12:07	11.07.2025		
Вход	13:18	11.07.2025		
Выход	18:10	11.07.2025		
Вход	10:52	14.07.2025		
Выход	11:59	14.07.2025		
Вход	13:02	14.07.2025		
Выход	18:14	14.07.2025		
Вход	9:58	15.07.2025		
Выход	12:17	15.07.2025		
Вход	13:15	15.07.2025		
Выход	19:04	15.07.2025		
Вход	20:36	15.07.2025		
Выход	20:46	15.07.2025		
Вход	9:22	16.07.2025		
Выход	12:08	16.07.2025		
Вход	13:12	16.07.2025		
Выход	19:14	16.07.2025		
Вход	10:01	17.07.2025		
Выход	12:04	17.07.2025		
Вход	13:18	17.07.2025		
Выход	19:06	17.07.2025		
Вход	20:54	17.07.2025		
Выход	21:02	17.07.2025		
Вход	9:12	18.07.2025		
Выход	12:04	18.07.2025		
Вход	13:03	18.07.2025		
Выход	17:11	18.07.2025		
Вход	9:23	21.07.2025		
Выход	12:02	21.07.2025		
Вход	13:18	21.07.2025		
Выход	18:24	21.07.2025		
Вход	10:12	22.07.2025		
Выход	12:06	22.07.2025		
Вход	13:10	22.07.2025		
Выход	18:50	22.07.2025		
Вход	20:37	22.07.2025		
Выход	20:45	22.07.2025		
Вход	9:14	23.07.2025		
Выход	12:06	23.07.2025		
Вход	13:03	23.07.2025		
Выход	17:31	23.07.2025		
Вход	9:51	24.07.2025		
Выход	12:30	24.07.2025		
Вход	13:38	24.07.2025		
Выход	19:25	24.07.2025		
Вход	10:26	25.07.2025		
Выход	12:03	25.07.2025		
Вход	13:01	25.07.2025		
Выход	18:41	25.07.2025		
Вход	9:30	28.07.2025		
Выход	12:05	28.07.2025		
Вход	13:23	28.07.2025		
Выход	19:02	28.07.2025		
Вход	9:24	29.07.2025
Выход	19:02	29.07.2025